0,redis-1-6,redis-1-6,1
1,[]
2,redis-1-6,redis-1-6,1
3,redis-1-13,redis-1-13,1
4,redis-1-13,redis-1-13,1
5,redis-1-6,redis-1-6,1
6,redis-1-13,redis-1-13,1
7,redis-1-13,redis-1-13,1
8,redis-1-13,redis-1-13,1
9,redis-1-13,redis-1-13,1
10,redis-1-13,redis-1-13,1
11,redis-1-13,redis-1-13,1
12,redis-1-16,redis-1-16,1
13,redis-1-13,redis-1-13,1
14,redis-1-13,redis-1-13,1
15,redis-1-13,redis-1-13,1
16,redis-1-13,redis-1-13,1
17,redis-1-13,redis-1-13,2
18,redis-1-13,redis-1-13,2
19,redis-1-13,redis-1-13,2
20,redis-1-13,redis-1-13,2
21,redis-1-13,redis-1-13,2
22,redis-1-13,redis-1-13,2
23,,redis-1-13,1,redis-1-2,1
24,,redis-1-13,1,redis-1-2,1
25,,redis-1-13,1,redis-1-2,1
26,,redis-1-13,1,redis-1-2,1
27,,redis-1-13,1,redis-1-2,1
28,,redis-1-13,1,redis-1-2,1
29,,redis-1-13,1,redis-1-2,1
30,,redis-1-13,1,redis-1-2,1
31,,redis-1-13,1,redis-1-2,1
32,,redis-1-13,1,redis-1-2,1
33,,redis-1-13,1,redis-1-2,1
34,,redis-1-13,1,redis-1-2,1
35,,redis-1-13,1,redis-1-2,1
36,,redis-1-13,1,redis-1-2,1
37,,redis-1-13,1,redis-1-2,1
38,,redis-1-13,1,redis-1-2,1
39,redis-1-13,redis-1-13,4,redis-1-2,1
40,redis-1-13,redis-1-13,4,redis-1-2,1
41,redis-1-13,redis-1-13,4,redis-1-2,1
42,redis-1-13,redis-1-13,4,redis-1-2,3
43,redis-1-13,redis-1-13,5,redis-1-2,3
44,redis-1-13,redis-1-13,6,redis-1-2,3
45,redis-1-13,redis-1-13,6,redis-1-2,4
46,redis-1-13,redis-1-13,6,redis-1-2,3
47,redis-1-13,redis-1-13,6,redis-1-2,4
48,redis-1-13,redis-1-13,6,redis-1-2,4
49,redis-1-13,redis-1-13,6,redis-1-2,3
50,redis-1-13,redis-1-13,6,redis-1-2,4
51,redis-1-13,redis-1-13,6,redis-1-2,4
52,redis-1-13,redis-1-13,6,redis-1-2,4
53,redis-1-13,redis-1-13,6,redis-1-2,4
54,redis-1-13,redis-1-13,6,redis-1-2,3
55,redis-1-13,redis-1-13,6,redis-1-2,3
56,redis-1-13,redis-1-13,6,redis-1-2,3
57,redis-1-13,redis-1-13,6,redis-1-2,4
58,redis-1-13,redis-1-13,6,redis-1-2,4
59,redis-1-13,redis-1-13,6,redis-1-2,4
